{"stats":{"minecraft:custom":{"minecraft:time_since_rest":8357,"minecraft:play_time":8357,"minecraft:sprint_one_cm":3860,"minecraft:walk_one_cm":6474,"minecraft:walk_under_water_one_cm":4564,"minecraft:jump":33,"minecraft:damage_dealt":10,"minecraft:leave_game":2,"minecraft:time_since_death":8357,"minecraft:walk_on_water_one_cm":2506,"minecraft:total_world_time":8357,"minecraft:climb_one_cm":269,"minecraft:interact_with_crafting_table":1,"minecraft:swim_one_cm":1295,"minecraft:fly_one_cm":5498,"minecraft:fall_one_cm":687},"minecraft:crafted":{"minecraft:oak_planks":32,"minecraft:crafting_table":1,"minecraft:stick":4,"minecraft:wooden_pickaxe":1},"minecraft:picked_up":{"minecraft:stick":1,"minecraft:oak_log":8,"minecraft:oak_sapling":5,"minecraft:sugar_cane":1,"minecraft:dirt":6,"minecraft:cobblestone":12},"minecraft:used":{"minecraft:dirt":3,"minecraft:crafting_table":1,"minecraft:oak_sapling":5,"minecraft:wooden_pickaxe":20,"minecraft:sugar_cane":1},"minecraft:mined":{"minecraft:short_grass":1,"minecraft:grass_block":3,"minecraft:oak_log":8,"minecraft:dirt":3,"minecraft:stone":13,"minecraft:sugar_cane":1,"minecraft:oak_leaves":1}},"DataVersion":3839}