{"stats":{"minecraft:picked_up":{"minecraft:iron_chestplate":1,"minecraft:salmon":3,"minecraft:brown_mushroom":2,"minecraft:wooden_pickaxe":1,"minecraft:oak_log":47,"minecraft:shield":1,"minecraft:amethyst_block":28,"minecraft:dirt":32,"minecraft:bone":6,"minecraft:bow":2,"minecraft:wheat_seeds":2,"minecraft:calcite":6,"minecraft:iron_pickaxe":1,"minecraft:sugar_cane":1,"minecraft:iron_sword":1,"minecraft:raw_iron":49,"minecraft:stick":3,"minecraft:amethyst_shard":4,"minecraft:diorite":30,"minecraft:arrow":4,"minecraft:rotten_flesh":2,"minecraft:slime_ball":9,"minecraft:iron_helmet":1,"minecraft:granite":24,"minecraft:bone_meal":1,"minecraft:oak_sapling":7,"minecraft:cod":3,"minecraft:coal":20,"minecraft:cobblestone":221},"minecraft:used":{"minecraft:stone_pickaxe":23,"minecraft:wooden_pickaxe":32,"minecraft:shield":8,"minecraft:iron_sword":39,"minecraft:sugar_cane":1,"minecraft:dirt":6,"minecraft:crafting_table":2,"minecraft:granite":24,"minecraft:iron_pickaxe":250,"minecraft:stone_axe":41,"minecraft:cobblestone":62,"minecraft:furnace":1,"minecraft:oak_sapling":5},"minecraft:killed":{"minecraft:salmon":3,"minecraft:cod":3,"minecraft:slime":10,"minecraft:skeleton":4,"minecraft:zombie":1},"minecraft:custom":{"minecraft:interact_with_furnace":5,"minecraft:mob_kills":21,"minecraft:interact_with_crafting_table":9,"minecraft:time_since_death":2816,"minecraft:leave_game":4,"minecraft:climb_one_cm":935,"minecraft:time_since_rest":2872,"minecraft:sprint_one_cm":12614,"minecraft:damage_taken":288,"minecraft:walk_one_cm":65780,"minecraft:damage_blocked_by_shield":225,"minecraft:damage_dealt":1089,"minecraft:swim_one_cm":21208,"minecraft:fly_one_cm":15762,"minecraft:crouch_one_cm":35,"minecraft:play_time":42609,"minecraft:deaths":1,"minecraft:sneak_time":31,"minecraft:walk_under_water_one_cm":12816,"minecraft:jump":233,"minecraft:walk_on_water_one_cm":12256,"minecraft:total_world_time":42609,"minecraft:fall_one_cm":1434},"minecraft:broken":{"minecraft:iron_pickaxe":1},"minecraft:crafted":{"minecraft:oak_planks":32,"minecraft:crafting_table":2,"minecraft:wooden_pickaxe":1,"minecraft:iron_helmet":1,"minecraft:iron_sword":1,"minecraft:furnace":1,"minecraft:stone_axe":1,"minecraft:iron_chestplate":1,"minecraft:iron_boots":1,"minecraft:shield":1,"minecraft:stick":12,"minecraft:iron_ingot":33,"minecraft:iron_pickaxe":2,"minecraft:stone_pickaxe":1,"minecraft:iron_leggings":1},"minecraft:mined":{"minecraft:brown_mushroom":1,"minecraft:amethyst_cluster":1,"minecraft:granite":24,"minecraft:short_grass":8,"minecraft:grass_block":4,"minecraft:calcite":3,"minecraft:cobblestone":11,"minecraft:sugar_cane":1,"minecraft:diorite":30,"minecraft:amethyst_block":14,"minecraft:seagrass":1,"minecraft:iron_ore":49,"minecraft:coal_ore":20,"minecraft:oak_log":47,"minecraft:dirt":4,"minecraft:stone":146,"minecraft:oak_leaves":1}},"DataVersion":3839}